No,名称,緯度,経度,ベッド数
1,東京都立多摩総合医療センター　756床,35.69201,139.46152,756
2,東京都立広尾病院 426床,35.64743,139.72154,426
3,東京都立駒込病院　785床,35.72929,139.755,785
4,東京都立豊島病院 438床,35.7529,139.70078,438
5,東京都立墨東病院 729床,35.69489,139.8188,729
6,東京都立荏原病院 461床,35.59362,139.69292,461
7,慶応義塾大学病院　950床,35.68142,139.71805,950
8,聖路加国際病院　520床,35.66739,139.77722,520
9,東京大学医科学研究所附属病院　122床,35.6404,139.72346,122
